card_id,customer_id,card_type,issue_date,status,monthly_fee
C1_30e9,1,Credit Premium,2023-03-08,Closed,11.56
C1_f19b,1,Debit Standard,2020-12-28,Active,14.52
C2_b9f9,2,Debit Standard,2022-08-12,Active,8.24
C3_ab1e,3,Credit Standard,2022-05-30,Active,3.35
C4_298e,4,Credit Standard,2023-01-31,Active,11.57
C5_8a1d,5,Debit Standard,2020-12-25,Active,2.58
C6_5a79,6,Debit Standard,2020-09-04,Active,8.0
C7_0649,7,Debit Standard,2022-07-18,Blocked,7.59
C8_f20e,8,Debit Premium,2023-04-08,Active,2.56
C9_584d,9,Debit Premium,2024-02-01,Active,8.83
C9_376e,9,Debit Standard,2024-04-22,Active,7.16
C10_4fdc,10,Debit Standard,2021-12-29,Active,12.84
C11_fc9e,11,Credit Premium,2023-12-19,Active,13.51
C12_e413,12,Debit Premium,2022-09-25,Active,11.16
C13_bc52,13,Debit Premium,2024-06-04,Active,5.32
C14_ebe7,14,Debit Premium,2021-07-13,Active,9.72
C15_2bdb,15,Debit Standard,2020-07-07,Closed,2.07
C16_de6d,16,Credit Standard,2024-11-10,Active,5.56
C17_25ee,17,Debit Standard,2021-03-02,Active,14.84
C18_d408,18,Debit Premium,2021-12-27,Blocked,8.48
C19_f4e1,19,Debit Premium,2021-12-04,Active,14.74
C20_af04,20,Debit Standard,2025-04-07,Active,11.97
C21_6d5b,21,Credit Premium,2021-05-16,Active,4.66
C22_b5c9,22,Debit Standard,2021-10-07,Active,9.57
C23_40a2,23,Debit Standard,2023-05-21,Active,5.66
C24_6063,24,Debit Premium,2020-09-20,Closed,14.55
C25_094c,25,Credit Premium,2024-09-17,Closed,3.85
C26_abf0,26,Debit Standard,2021-10-09,Active,9.11
C27_5b16,27,Debit Premium,2021-11-14,Active,10.01
C28_566f,28,Debit Standard,2022-10-14,Closed,2.11
C29_6480,29,Debit Standard,2020-08-12,Active,13.01
C30_49c9,30,Credit Premium,2025-03-04,Active,6.83
C31_c5dd,31,Debit Standard,2025-01-05,Closed,4.66
C32_ef20,32,Debit Standard,2020-10-24,Active,1.75
C33_1eb9,33,Credit Standard,2023-12-04,Active,12.57
C34_054b,34,Debit Standard,2022-10-24,Active,1.01
C35_4100,35,Debit Standard,2025-06-10,Active,7.99
C35_4a2e,35,Credit Standard,2022-04-02,Active,8.63
C36_571c,36,Credit Standard,2023-10-10,Active,8.38
C37_4029,37,Credit Premium,2022-04-08,Active,6.56
C38_5456,38,Debit Premium,2022-07-21,Active,3.34
C39_8864,39,Credit Premium,2023-06-30,Active,1.66
C40_e642,40,Debit Premium,2021-10-16,Active,6.61
C41_d1f0,41,Credit Premium,2020-07-26,Active,5.23
C42_909b,42,Debit Standard,2021-10-26,Blocked,13.99
C43_4a8b,43,Debit Standard,2022-12-26,Active,2.23
C43_6756,43,Credit Standard,2024-02-27,Blocked,5.34
C44_c9d0,44,Credit Standard,2021-09-08,Active,12.76
C44_2037,44,Credit Standard,2023-05-24,Active,6.78
C45_b8bc,45,Debit Standard,2024-07-29,Active,12.06
C45_d181,45,Debit Standard,2022-09-06,Active,9.63
C46_11fb,46,Credit Standard,2025-02-27,Blocked,8.13
C47_f325,47,Debit Standard,2021-12-20,Active,5.77
C47_a8ab,47,Credit Premium,2021-10-30,Active,2.95
C48_8101,48,Credit Standard,2025-02-10,Active,0.81
C48_6f44,48,Credit Standard,2022-10-01,Active,11.92
C49_6dbf,49,Debit Standard,2022-11-16,Blocked,8.67
C50_86fa,50,Debit Standard,2025-03-16,Active,14.56
C51_30a3,51,Credit Standard,2024-02-29,Closed,10.67
C52_0184,52,Debit Standard,2024-11-02,Active,13.11
C53_b38e,53,Credit Premium,2025-04-13,Active,4.72
C54_f313,54,Credit Premium,2020-10-18,Active,10.2
C55_a2fc,55,Debit Standard,2022-06-07,Active,1.26
C56_8772,56,Debit Premium,2021-11-02,Active,5.16
C56_5abe,56,Debit Standard,2024-09-19,Active,11.36
C57_3fcb,57,Credit Standard,2025-05-08,Active,2.18
C58_2f65,58,Credit Standard,2024-01-23,Closed,14.38
C59_3c9a,59,Debit Standard,2024-04-25,Active,5.85
C60_ce8c,60,Credit Premium,2021-05-05,Active,8.13
C61_70c4,61,Debit Standard,2021-01-16,Active,13.09
C62_650d,62,Debit Premium,2022-10-20,Active,1.82
C63_c1fa,63,Credit Standard,2023-07-09,Active,7.49
C64_4e98,64,Debit Standard,2020-09-29,Active,1.55
C64_4024,64,Credit Standard,2022-03-20,Closed,2.4
C65_6f84,65,Debit Standard,2023-10-20,Active,13.95
C66_09d5,66,Credit Standard,2025-06-12,Active,4.91
C67_919c,67,Credit Standard,2021-07-26,Active,13.96
C68_53ff,68,Credit Standard,2020-09-11,Active,6.86
C69_858d,69,Credit Standard,2021-08-22,Active,6.29
C70_dd6d,70,Credit Standard,2023-06-12,Active,13.83
C70_30d6,70,Credit Standard,2021-06-07,Active,6.02
C71_0b09,71,Credit Premium,2023-03-02,Active,7.07
C72_f45a,72,Debit Standard,2020-09-14,Active,7.07
C73_2011,73,Credit Premium,2022-10-30,Active,7.58
C74_987d,74,Debit Standard,2021-09-29,Active,9.08
C75_82f1,75,Debit Premium,2020-12-30,Active,4.2
C75_224a,75,Debit Standard,2024-07-31,Active,8.53
C76_c399,76,Debit Standard,2020-11-20,Active,5.53
C77_0b20,77,Debit Premium,2025-03-18,Active,3.5
C78_a197,78,Debit Standard,2023-10-14,Blocked,14.66
C78_ccd6,78,Debit Standard,2025-06-22,Active,10.92
C79_8f4e,79,Credit Standard,2021-12-21,Active,3.65
C80_ccd9,80,Debit Standard,2022-09-16,Active,0.23
C81_40fe,81,Debit Standard,2022-09-11,Active,3.93
C81_ffa0,81,Debit Standard,2021-10-23,Active,10.49
C82_8d7f,82,Debit Standard,2021-10-15,Active,5.98
C82_2d4d,82,Credit Premium,2024-11-05,Active,12.37
C83_50ea,83,Debit Premium,2021-02-05,Active,11.53
C84_74e0,84,Debit Standard,2022-07-09,Active,14.07
C85_28cd,85,Credit Standard,2023-04-30,Active,12.76
C86_79fa,86,Credit Standard,2025-03-21,Blocked,14.71
C86_d212,86,Debit Standard,2024-11-22,Blocked,14.21
C87_c65d,87,Credit Standard,2021-03-03,Active,11.18
C88_5a31,88,Credit Standard,2025-05-04,Active,12.22
C89_60c8,89,Debit Premium,2024-11-05,Active,1.47
C90_dc88,90,Debit Standard,2021-07-02,Active,13.87
C91_05d1,91,Debit Standard,2022-01-16,Active,0.12
C91_567f,91,Credit Standard,2022-02-18,Active,10.75
C92_0fe1,92,Debit Premium,2023-02-20,Active,14.72
C93_0d5f,93,Debit Premium,2021-12-02,Active,0.42
C94_ed46,94,Debit Premium,2021-02-23,Active,0.66
C95_5adf,95,Debit Premium,2022-08-31,Active,13.73
C96_d95e,96,Debit Standard,2024-05-07,Active,14.18
C97_7427,97,Debit Standard,2022-09-26,Blocked,4.51
C98_1068,98,Debit Standard,2023-07-14,Blocked,14.07
C98_59cd,98,Debit Standard,2020-09-02,Active,5.3
C99_b0c9,99,Debit Standard,2020-08-09,Active,6.65
C100_8dd6,100,Credit Standard,2024-09-16,Active,4.86
C101_0d3d,101,Debit Premium,2025-01-17,Active,8.8
C102_c8a1,102,Credit Standard,2022-09-20,Active,10.04
C103_1880,103,Debit Standard,2021-03-03,Active,14.37
C103_1936,103,Debit Standard,2024-07-01,Active,7.05
C104_e8b7,104,Credit Standard,2024-11-19,Active,3.47
C104_f5b7,104,Debit Standard,2020-10-20,Active,12.12
C105_2828,105,Credit Standard,2025-02-25,Active,9.69
C106_2cb3,106,Credit Standard,2021-11-03,Active,10.83
C107_f172,107,Debit Premium,2023-04-13,Active,7.87
C107_f565,107,Debit Premium,2023-11-16,Active,10.31
C108_a2bb,108,Debit Premium,2022-11-19,Active,5.92
C109_3cf9,109,Credit Standard,2023-06-26,Active,4.69
C110_6bb6,110,Debit Standard,2024-06-05,Active,1.23
C111_2353,111,Credit Standard,2023-10-11,Closed,5.02
C112_2982,112,Credit Premium,2025-06-15,Active,4.4
C113_b7ed,113,Debit Standard,2021-12-14,Closed,7.11
C114_0671,114,Debit Standard,2023-03-29,Active,8.48
C115_0c15,115,Credit Standard,2021-06-10,Active,2.39
C116_c740,116,Debit Standard,2021-10-16,Active,6.64
C116_c9a6,116,Debit Standard,2020-09-18,Closed,6.37
C117_e9e7,117,Debit Standard,2023-04-28,Active,13.56
C118_2348,118,Credit Standard,2023-08-02,Active,3.85
C119_667f,119,Debit Standard,2021-02-09,Active,4.95
C120_a89f,120,Credit Standard,2023-06-22,Active,1.59
C121_e54c,121,Debit Standard,2024-03-13,Active,10.59
C122_399b,122,Credit Standard,2023-11-06,Blocked,9.98
C122_65a5,122,Credit Standard,2025-06-08,Active,13.29
C123_ff7a,123,Debit Standard,2022-11-02,Active,2.24
C124_8ad6,124,Debit Premium,2020-09-03,Active,13.66
C125_797c,125,Debit Standard,2022-07-04,Active,0.13
C125_5252,125,Credit Standard,2023-10-25,Active,2.42
C126_88d3,126,Debit Standard,2020-11-26,Blocked,0.24
C126_06dc,126,Debit Premium,2024-01-27,Active,9.73
C127_64a2,127,Debit Standard,2024-03-04,Closed,6.44
C128_75ef,128,Credit Standard,2024-06-02,Active,13.22
C129_796f,129,Credit Standard,2023-12-27,Blocked,9.64
C130_fefc,130,Debit Standard,2022-11-26,Active,1.75
C131_eef6,131,Debit Standard,2023-08-16,Closed,8.25
C132_5b8d,132,Debit Premium,2024-07-05,Blocked,0.45
C132_0dcc,132,Credit Standard,2022-02-25,Closed,7.04
C133_2d49,133,Credit Standard,2025-06-15,Active,5.08
C134_a269,134,Debit Premium,2020-11-03,Active,2.5
C135_08ef,135,Credit Standard,2023-12-25,Active,6.29
C136_354a,136,Credit Standard,2023-06-10,Active,7.53
C137_9cf6,137,Debit Standard,2023-07-12,Active,14.02
C137_93a2,137,Debit Standard,2023-11-17,Active,8.45
C138_b5f5,138,Debit Premium,2021-02-24,Active,2.04
C139_b9e8,139,Debit Standard,2025-03-14,Active,0.23
C140_351c,140,Credit Standard,2021-11-20,Blocked,4.85
C141_22b3,141,Debit Standard,2024-09-06,Blocked,3.18
C142_9f93,142,Debit Standard,2022-12-09,Active,4.98
C143_af27,143,Credit Premium,2021-07-01,Active,8.54
C144_dac7,144,Debit Premium,2023-12-20,Blocked,10.1
C145_e633,145,Credit Standard,2021-11-01,Active,2.08
C145_f7f1,145,Debit Standard,2023-04-24,Active,5.34
C146_e983,146,Debit Premium,2023-09-09,Active,14.96
C146_8e33,146,Credit Standard,2023-02-01,Active,12.42
C147_fe1c,147,Credit Standard,2023-09-17,Active,4.38
C148_78a5,148,Debit Standard,2024-11-03,Active,14.55
C149_fef0,149,Debit Standard,2023-12-12,Blocked,5.24
C150_f924,150,Credit Premium,2021-10-19,Active,8.59
C151_9870,151,Credit Premium,2024-11-20,Active,7.92
C152_a5b9,152,Credit Standard,2022-03-26,Active,3.4
C153_fb52,153,Credit Standard,2024-11-09,Active,9.61
C153_bb5f,153,Debit Premium,2021-12-03,Closed,12.88
C154_0938,154,Debit Standard,2020-07-30,Active,14.42
C155_d13e,155,Debit Standard,2024-07-30,Active,9.34
C156_73df,156,Credit Premium,2023-08-18,Closed,3.97
C157_aaa2,157,Debit Standard,2024-08-17,Active,8.95
C157_ec38,157,Credit Premium,2021-11-04,Active,3.76
C158_e509,158,Debit Standard,2021-02-25,Active,1.54
C159_ebba,159,Debit Premium,2021-12-01,Active,14.84
C160_d97d,160,Debit Premium,2021-11-28,Blocked,7.03
C161_68ad,161,Credit Standard,2022-04-05,Active,5.65
C162_67af,162,Debit Standard,2022-09-26,Active,4.85
C163_eb6e,163,Debit Standard,2023-10-17,Closed,1.52
C164_90a0,164,Debit Premium,2020-12-11,Active,12.61
C165_cd66,165,Debit Premium,2021-03-24,Active,10.85
C166_55a3,166,Debit Standard,2022-06-22,Closed,13.05
C167_0a02,167,Credit Standard,2024-07-28,Active,10.56
C167_d549,167,Credit Standard,2024-10-21,Active,12.83
C168_64e3,168,Debit Standard,2024-07-05,Closed,13.84
C169_8a7f,169,Debit Premium,2023-08-03,Active,13.23
C170_9bde,170,Credit Standard,2021-09-17,Active,0.61
C171_1188,171,Credit Standard,2024-07-22,Active,11.13
C172_68f4,172,Debit Premium,2025-03-21,Active,4.66
C173_3aca,173,Debit Standard,2021-06-07,Active,8.55
C173_cfd6,173,Credit Standard,2021-04-16,Active,1.09
C174_0e84,174,Credit Standard,2021-08-27,Active,2.56
C174_01ce,174,Debit Premium,2020-10-08,Active,7.55
C175_b325,175,Credit Premium,2024-08-29,Active,2.77
C175_ee65,175,Credit Standard,2024-07-06,Active,14.63
C176_c7af,176,Debit Standard,2023-05-29,Active,4.63
C177_0151,177,Debit Standard,2022-07-18,Active,3.2
C178_fbf7,178,Credit Standard,2023-02-20,Active,4.33
C179_7ee1,179,Credit Standard,2023-07-05,Active,13.22
C180_ed30,180,Debit Standard,2023-05-23,Active,1.75
C181_92db,181,Debit Premium,2024-01-31,Active,10.24
C182_f6ac,182,Debit Standard,2023-09-25,Active,12.04
C183_3b4c,183,Debit Standard,2022-12-09,Active,5.28
C184_c6b7,184,Credit Standard,2024-07-31,Active,14.57
C185_5bf2,185,Credit Standard,2022-11-23,Active,9.31
C185_d4c6,185,Credit Premium,2021-07-04,Active,13.4
C186_de5f,186,Credit Standard,2024-06-30,Active,10.46
C187_5fba,187,Debit Standard,2023-07-17,Active,11.73
C188_f902,188,Debit Standard,2023-11-25,Active,4.41
C189_fe38,189,Credit Premium,2022-11-24,Blocked,8.67
C190_e752,190,Credit Standard,2022-12-20,Closed,1.92
C191_5811,191,Debit Standard,2022-07-24,Active,5.5
C192_f4b4,192,Credit Standard,2023-05-14,Active,12.69
C193_ae5c,193,Credit Standard,2023-10-03,Active,8.73
C194_8376,194,Debit Premium,2024-06-01,Active,13.95
C195_ffb5,195,Credit Premium,2025-04-21,Active,5.5
C196_acf6,196,Credit Standard,2023-11-20,Active,2.31
C197_3b8f,197,Credit Premium,2023-03-02,Active,9.23
C198_1786,198,Credit Standard,2024-07-02,Active,13.13
C199_f325,199,Credit Premium,2022-06-04,Active,4.11
C200_fbf2,200,Debit Standard,2020-11-26,Closed,0.35
C201_6810,201,Debit Premium,2021-04-14,Active,14.1
C202_53a9,202,Debit Standard,2022-01-03,Active,2.32
C203_b2da,203,Debit Standard,2023-08-03,Active,0.07
C204_0b2f,204,Credit Standard,2020-07-23,Active,12.32
C205_2131,205,Credit Standard,2021-06-24,Active,11.5
C206_ef58,206,Credit Standard,2022-03-09,Active,0.22
C207_329c,207,Credit Standard,2020-07-02,Blocked,11.44
C208_d89a,208,Debit Standard,2024-01-08,Active,13.28
C209_ed0d,209,Debit Standard,2022-06-25,Active,2.3
C209_61c6,209,Credit Standard,2024-07-11,Active,12.95
C210_35c9,210,Credit Standard,2023-09-25,Active,14.62
C211_9da2,211,Debit Premium,2022-10-12,Active,9.54
C212_b42f,212,Debit Standard,2023-08-13,Active,2.76
C213_7433,213,Debit Standard,2021-08-19,Active,11.52
C214_4070,214,Debit Standard,2021-05-14,Active,0.27
C214_062d,214,Debit Standard,2021-09-11,Active,9.15
C215_22ca,215,Credit Premium,2023-09-18,Active,10.17
C216_a8f7,216,Debit Premium,2023-03-17,Active,0.87
C217_8018,217,Credit Standard,2021-07-06,Active,13.27
C218_e93b,218,Credit Standard,2024-07-11,Active,7.54
C219_729b,219,Credit Standard,2024-06-26,Active,6.92
C219_56fe,219,Debit Standard,2021-08-02,Closed,0.86
C220_141b,220,Credit Standard,2025-04-18,Active,12.47
C221_d26d,221,Debit Premium,2022-06-23,Active,12.21
C222_7b05,222,Credit Premium,2023-12-24,Active,8.84
C222_e355,222,Credit Standard,2020-07-16,Active,5.88
C223_c3a3,223,Credit Premium,2024-04-13,Closed,5.53
C223_40d2,223,Debit Standard,2024-07-19,Active,0.77
C224_70df,224,Debit Standard,2022-11-25,Active,2.17
C225_9975,225,Debit Premium,2021-10-03,Blocked,14.07
C226_af3b,226,Credit Standard,2021-03-27,Active,13.95
C226_848e,226,Debit Premium,2021-07-14,Active,12.55
C227_57c2,227,Debit Standard,2020-10-19,Active,5.42
C228_ce1f,228,Debit Premium,2021-11-08,Active,0.62
C229_63ea,229,Debit Standard,2022-01-31,Active,8.98
C230_2ae2,230,Debit Standard,2023-10-25,Active,6.55
C231_cd46,231,Credit Premium,2023-05-17,Active,7.38
C232_d46e,232,Debit Standard,2024-12-02,Active,1.69
C232_2ee6,232,Debit Premium,2024-11-27,Active,4.53
C233_d9ef,233,Credit Standard,2025-06-12,Active,8.1
C234_b050,234,Credit Standard,2024-09-08,Active,4.9
C235_edc6,235,Debit Premium,2022-04-21,Active,2.94
C236_3e33,236,Debit Standard,2024-08-21,Active,11.77
C237_5153,237,Debit Premium,2025-03-20,Blocked,14.01
C237_0b25,237,Debit Standard,2021-01-07,Active,5.09
C238_dfc8,238,Debit Premium,2022-05-24,Closed,12.33
C239_dca8,239,Debit Standard,2024-11-16,Active,2.1
C240_a252,240,Credit Premium,2022-12-04,Active,8.59
C241_7e51,241,Debit Standard,2022-02-14,Active,0.52
C242_d7de,242,Credit Standard,2023-07-10,Active,14.76
C243_705b,243,Credit Premium,2023-03-11,Active,5.9
C244_113c,244,Credit Standard,2021-09-26,Active,7.15
C245_c06b,245,Credit Standard,2021-10-24,Active,1.39
C246_f361,246,Debit Standard,2024-06-08,Active,5.9
C247_e462,247,Credit Premium,2023-08-14,Active,4.96
C248_67f8,248,Debit Standard,2022-04-03,Active,8.49
C249_95e1,249,Debit Premium,2025-05-02,Active,4.11
C250_8a74,250,Debit Standard,2022-04-12,Active,14.85
C251_fefd,251,Debit Premium,2021-08-25,Blocked,8.02
C252_7d5d,252,Debit Standard,2023-02-11,Active,7.78
C253_10e8,253,Credit Standard,2021-02-26,Active,6.75
C254_7e24,254,Debit Standard,2020-08-14,Active,4.32
C254_c1d7,254,Debit Premium,2023-07-21,Active,2.52
C255_05f2,255,Debit Premium,2022-07-10,Active,1.97
C255_0723,255,Credit Standard,2025-06-28,Active,10.96
C256_5e15,256,Debit Standard,2021-10-17,Active,3.04
C256_97f0,256,Debit Premium,2024-04-17,Active,5.57
C257_fb23,257,Credit Standard,2022-05-11,Active,0.6
C258_81be,258,Credit Premium,2023-05-19,Active,1.11
C259_438d,259,Debit Standard,2021-03-31,Active,7.11
C260_a07f,260,Debit Premium,2025-06-16,Active,7.83
C261_f489,261,Credit Premium,2024-12-22,Active,1.31
C261_62b2,261,Debit Standard,2020-09-11,Active,3.93
C262_aa17,262,Debit Standard,2021-08-17,Active,13.57
C262_07f7,262,Credit Standard,2021-07-02,Active,10.6
C263_0823,263,Debit Premium,2022-10-21,Active,3.84
C264_5804,264,Debit Premium,2022-12-21,Active,12.92
C264_a31c,264,Debit Standard,2022-02-06,Active,11.56
C265_8abb,265,Debit Standard,2020-12-30,Active,2.36
C266_0392,266,Debit Standard,2021-11-11,Active,10.41
C267_059e,267,Credit Standard,2022-09-07,Active,8.03
C267_feea,267,Debit Standard,2021-05-02,Active,7.93
C268_f48e,268,Credit Standard,2021-01-24,Active,6.81
C269_854c,269,Debit Premium,2021-02-16,Active,2.44
C269_20d5,269,Credit Standard,2024-08-13,Active,4.64
C270_c82a,270,Debit Standard,2022-05-23,Active,14.65
C271_d61a,271,Debit Standard,2022-05-03,Blocked,8.85
C272_a9d2,272,Credit Premium,2022-06-13,Active,5.22
C272_b2c9,272,Debit Standard,2024-03-22,Closed,3.06
C273_b883,273,Credit Standard,2023-06-15,Active,14.39
C274_da2e,274,Debit Premium,2022-03-13,Active,12.86
C275_5050,275,Credit Standard,2021-08-01,Active,13.62
C276_c6b4,276,Credit Standard,2020-06-29,Active,10.37
C276_53fd,276,Debit Premium,2023-02-11,Active,8.65
C277_f33c,277,Debit Standard,2023-03-29,Active,1.32
C277_039d,277,Credit Standard,2022-12-23,Active,13.68
C278_b63c,278,Debit Standard,2022-10-31,Active,12.27
C279_8dff,279,Credit Standard,2023-06-09,Active,1.26
C280_6a24,280,Credit Standard,2024-10-06,Active,10.05
C281_1f69,281,Debit Standard,2021-03-04,Active,0.66
C282_ff28,282,Credit Premium,2023-04-01,Active,2.47
C282_a0d9,282,Debit Standard,2024-03-16,Active,8.18
C283_0806,283,Credit Standard,2020-09-07,Active,4.35
C284_d87d,284,Credit Standard,2022-10-12,Active,13.74
C285_a945,285,Debit Standard,2023-02-25,Active,5.37
C286_a74b,286,Debit Standard,2022-12-08,Active,10.64
C287_3fb2,287,Credit Standard,2024-11-19,Blocked,14.23
C288_0e5b,288,Debit Standard,2023-10-18,Closed,4.72
C289_39b6,289,Debit Standard,2022-08-24,Active,4.82
C289_cefe,289,Credit Standard,2025-01-08,Active,7.62
C290_b550,290,Credit Standard,2021-07-14,Active,9.87
C290_854d,290,Credit Standard,2020-12-04,Active,4.45
C291_7a31,291,Credit Standard,2023-10-03,Active,6.59
C292_4eec,292,Debit Premium,2021-04-29,Active,9.92
C292_20f1,292,Credit Standard,2024-03-18,Active,10.55
C293_5cb7,293,Credit Premium,2024-12-16,Active,4.19
C294_3f1c,294,Credit Standard,2024-09-27,Active,7.8
C295_6e77,295,Credit Standard,2024-06-29,Blocked,4.07
C295_0ef0,295,Debit Standard,2021-11-20,Active,2.85
C296_8634,296,Debit Premium,2023-07-13,Active,3.02
C297_38a7,297,Debit Standard,2023-01-18,Active,5.33
C298_8d3a,298,Credit Standard,2022-08-14,Active,0.32
C299_3b8d,299,Debit Standard,2024-01-15,Active,12.02
C299_f190,299,Debit Standard,2021-10-28,Active,4.88
C300_20fa,300,Credit Standard,2025-06-08,Active,14.0
C300_3f79,300,Credit Standard,2024-12-12,Active,6.75
C301_cc71,301,Debit Standard,2020-09-01,Active,10.24
C302_e7a2,302,Credit Standard,2022-03-10,Active,1.19
C303_618a,303,Credit Standard,2024-10-15,Active,7.54
C304_8880,304,Credit Premium,2024-12-18,Active,2.48
C305_db16,305,Credit Premium,2021-03-22,Active,5.1
C306_d335,306,Credit Standard,2021-03-08,Active,7.25
C307_fbdc,307,Debit Standard,2022-07-23,Closed,1.84
C307_ac91,307,Credit Premium,2022-11-01,Active,14.33
C308_5865,308,Credit Premium,2023-11-11,Active,0.45
C309_e47c,309,Credit Standard,2021-10-31,Blocked,0.92
C310_35bb,310,Debit Premium,2020-11-15,Blocked,4.39
C311_82e2,311,Debit Standard,2021-01-22,Active,1.7
C312_735b,312,Debit Standard,2021-08-19,Closed,12.02
C313_827a,313,Credit Standard,2022-12-13,Active,6.43
C314_59e8,314,Credit Premium,2023-07-15,Active,14.56
C315_4c1f,315,Debit Standard,2024-10-03,Active,12.33
C316_2234,316,Debit Premium,2020-09-05,Active,9.57
C316_ef6b,316,Debit Standard,2022-03-10,Blocked,3.6
C317_7939,317,Credit Standard,2023-01-20,Active,12.8
C318_d197,318,Debit Standard,2023-01-03,Active,2.8
C319_e9bf,319,Debit Standard,2023-04-25,Active,9.84
C319_9a64,319,Debit Standard,2023-09-23,Active,11.69
C320_b20e,320,Debit Standard,2024-10-03,Active,11.38
C321_c1d4,321,Debit Standard,2025-04-17,Active,2.88
C322_6e6b,322,Credit Premium,2022-05-01,Active,4.03
C323_8278,323,Debit Standard,2021-09-06,Active,10.59
C324_c1af,324,Debit Standard,2025-01-05,Active,6.6
C324_d610,324,Debit Standard,2024-07-15,Active,2.53
C325_6ef4,325,Debit Standard,2023-01-21,Active,8.76
C326_86d7,326,Credit Standard,2020-12-07,Active,11.44
C327_f7de,327,Debit Standard,2022-09-04,Active,8.41
C328_04ad,328,Credit Standard,2022-03-15,Active,6.97
C328_41a0,328,Credit Standard,2020-07-01,Active,1.19
C329_f086,329,Credit Standard,2022-01-23,Active,10.86
C329_f73c,329,Credit Standard,2023-07-22,Active,6.54
C330_024e,330,Debit Standard,2020-08-18,Active,14.56
C330_edae,330,Debit Premium,2021-11-30,Active,0.49
C331_f65a,331,Credit Premium,2022-07-01,Active,9.86
C332_bd03,332,Debit Standard,2023-07-31,Active,10.28
C332_9502,332,Debit Standard,2024-02-29,Blocked,10.27
C333_0654,333,Credit Standard,2021-12-14,Active,5.05
C334_45c5,334,Credit Standard,2023-06-29,Active,8.61
C335_ebbc,335,Credit Standard,2023-10-03,Active,10.29
C336_cbae,336,Credit Premium,2022-01-04,Blocked,7.09
C337_9c9a,337,Debit Standard,2024-10-15,Active,9.02
C338_f0c9,338,Credit Standard,2022-06-02,Active,3.83
C339_6fa6,339,Debit Standard,2020-10-03,Active,11.49
C340_ee4b,340,Credit Standard,2021-08-23,Active,12.41
C341_4f70,341,Credit Standard,2023-04-24,Active,12.26
C342_ed0c,342,Credit Standard,2022-02-05,Active,0.59
C342_f8b5,342,Debit Standard,2021-08-31,Blocked,2.68
C343_a832,343,Credit Standard,2022-10-28,Active,0.71
C343_9be5,343,Debit Premium,2023-04-21,Closed,9.7
C344_13f1,344,Credit Standard,2024-05-23,Active,1.75
C345_e5e6,345,Credit Standard,2021-05-28,Active,0.61
C345_b6fe,345,Debit Standard,2023-12-06,Blocked,2.92
C346_abc2,346,Debit Premium,2021-11-04,Active,1.88
C346_c42b,346,Debit Premium,2021-07-25,Blocked,9.31
C347_f02d,347,Credit Standard,2021-06-12,Active,3.59
C348_d6b6,348,Credit Standard,2022-01-26,Active,10.9
C349_4b51,349,Debit Premium,2021-05-04,Active,5.88
C350_4321,350,Credit Standard,2022-11-02,Active,12.67
C351_5b0e,351,Debit Standard,2024-10-26,Active,7.7
C352_1321,352,Debit Standard,2020-07-23,Active,6.42
C353_f945,353,Credit Standard,2021-09-01,Active,1.32
C354_6293,354,Debit Premium,2024-08-01,Active,4.89
C355_a1c5,355,Debit Standard,2021-09-07,Active,6.21
C356_a4d6,356,Debit Standard,2025-06-01,Active,7.14
C357_0c78,357,Debit Standard,2022-04-09,Closed,9.92
C358_e70a,358,Credit Standard,2020-09-21,Active,12.97
C359_663e,359,Credit Standard,2021-08-13,Active,1.02
C360_4c15,360,Debit Premium,2023-12-13,Active,1.06
C361_f4a9,361,Credit Standard,2025-02-19,Active,10.84
C362_7218,362,Debit Standard,2025-02-07,Active,9.54
C363_e6e4,363,Debit Premium,2021-07-27,Active,9.96
C364_f49e,364,Debit Standard,2021-12-03,Active,14.86
C365_7837,365,Debit Premium,2022-12-09,Active,6.68
C365_6734,365,Debit Premium,2020-07-25,Active,10.83
C366_0d32,366,Credit Premium,2024-12-10,Active,13.1
C367_e04e,367,Credit Premium,2020-07-29,Closed,2.69
C368_c5cf,368,Credit Standard,2021-09-08,Active,11.64
C369_2274,369,Credit Standard,2021-06-18,Active,1.51
C370_bd87,370,Debit Standard,2023-03-29,Active,1.01
C371_940f,371,Credit Premium,2021-01-08,Active,14.63
C372_40fd,372,Debit Standard,2024-04-29,Active,5.2
C372_7874,372,Credit Standard,2025-01-17,Active,2.95
C373_50c6,373,Credit Standard,2024-03-22,Closed,3.94
C374_8ace,374,Credit Standard,2024-07-28,Active,7.68
C375_12f3,375,Credit Standard,2022-05-10,Active,9.36
C375_d429,375,Credit Standard,2024-11-02,Closed,10.33
C376_120a,376,Debit Standard,2021-09-15,Active,12.3
C377_a500,377,Debit Standard,2025-04-19,Active,10.14
C378_863c,378,Debit Premium,2022-10-07,Active,12.38
C378_f035,378,Debit Standard,2024-07-18,Active,11.44
C379_51b5,379,Credit Standard,2024-06-17,Active,1.44
C379_c6f6,379,Debit Premium,2024-10-05,Active,8.88
C380_c81a,380,Credit Standard,2023-08-09,Active,1.81
C380_01c3,380,Debit Standard,2022-08-13,Active,8.87
C381_1c67,381,Debit Standard,2023-08-15,Active,8.71
C382_3e6f,382,Credit Standard,2025-02-17,Active,9.31
C383_1c95,383,Debit Premium,2020-10-31,Active,8.86
C384_f146,384,Debit Standard,2023-08-08,Active,4.09
C384_7c6d,384,Debit Premium,2024-08-07,Active,14.91
C385_f26c,385,Credit Standard,2024-01-21,Active,3.32
C386_c504,386,Credit Premium,2022-07-01,Active,8.44
C386_be2b,386,Debit Premium,2023-06-02,Active,9.84
C387_d370,387,Credit Standard,2021-11-09,Active,12.17
C388_bd20,388,Debit Standard,2024-07-29,Active,7.22
C389_eda0,389,Debit Standard,2021-11-22,Active,0.08
C390_49ac,390,Credit Standard,2025-06-04,Active,8.65
C391_06fc,391,Credit Standard,2024-05-09,Active,12.32
C392_d36d,392,Credit Standard,2021-12-18,Active,8.21
C393_9411,393,Debit Standard,2023-04-12,Active,3.31
C394_c4fa,394,Credit Standard,2021-09-18,Blocked,9.71
C395_3cba,395,Credit Standard,2023-08-17,Active,11.87
C396_361c,396,Debit Standard,2022-08-29,Active,0.28
C397_964f,397,Debit Standard,2023-08-27,Active,8.22
C397_996d,397,Credit Standard,2023-05-13,Active,5.64
C398_5272,398,Debit Standard,2022-07-24,Active,1.32
C399_41b7,399,Debit Premium,2025-03-04,Active,8.93
C399_b5e1,399,Credit Premium,2021-06-19,Active,10.98
C400_7ad5,400,Credit Standard,2022-03-26,Active,4.52
C401_5ba1,401,Credit Standard,2022-08-10,Active,12.21
C402_8a73,402,Debit Premium,2024-09-18,Blocked,4.51
C403_63c2,403,Credit Standard,2022-10-25,Active,2.94
C404_d813,404,Credit Standard,2023-12-13,Active,7.79
C404_0b17,404,Credit Standard,2022-02-14,Active,12.73
C405_d4ce,405,Credit Premium,2021-11-18,Blocked,3.3
C406_14b8,406,Credit Standard,2022-08-16,Active,3.74
C407_7c87,407,Credit Standard,2024-01-23,Blocked,4.7
C408_ac78,408,Debit Premium,2023-10-08,Active,11.72
C409_1d72,409,Debit Standard,2020-12-27,Active,8.89
C410_c34d,410,Debit Standard,2022-10-02,Active,10.22
C411_7028,411,Debit Standard,2023-02-12,Active,1.75
C412_da4d,412,Credit Standard,2024-08-02,Blocked,10.9
C413_ad28,413,Debit Standard,2021-04-02,Active,8.95
C413_f942,413,Credit Standard,2021-04-07,Active,1.87
C414_dac1,414,Debit Standard,2025-06-11,Active,8.0
C414_bba1,414,Debit Premium,2021-04-21,Active,11.25
C415_052b,415,Debit Premium,2020-11-03,Active,14.17
C416_eee0,416,Credit Standard,2023-02-22,Active,12.01
C416_decc,416,Credit Standard,2023-10-27,Closed,0.29
C417_e460,417,Credit Standard,2025-05-21,Active,12.58
C417_9c72,417,Debit Standard,2025-01-03,Active,8.9
C418_32a5,418,Debit Premium,2022-11-07,Active,7.46
C418_2f07,418,Credit Premium,2022-05-31,Active,8.24
C419_3a72,419,Debit Premium,2022-09-07,Active,11.61
C420_2530,420,Debit Standard,2022-10-18,Active,9.65
C421_e5f1,421,Credit Standard,2023-12-14,Active,0.23
C422_32e9,422,Debit Premium,2020-08-20,Active,5.71
C423_7ad0,423,Credit Standard,2021-07-25,Active,13.11
C423_4556,423,Credit Standard,2021-03-08,Active,3.66
C424_9e31,424,Debit Premium,2022-11-12,Active,3.24
C424_3877,424,Debit Standard,2020-07-10,Active,9.25
C425_3506,425,Credit Standard,2025-05-27,Active,13.4
C425_208d,425,Debit Standard,2021-09-22,Active,4.96
C426_80d9,426,Debit Standard,2023-03-15,Blocked,3.27
C426_2ca5,426,Debit Standard,2024-05-16,Active,1.73
C427_714d,427,Debit Premium,2022-06-17,Active,5.06
C428_bbe7,428,Debit Premium,2022-10-31,Active,7.06
C429_19b2,429,Debit Standard,2023-06-19,Active,8.57
C430_89e4,430,Credit Premium,2022-11-23,Active,2.39
C431_6478,431,Debit Standard,2021-01-17,Active,1.87
C431_f444,431,Credit Standard,2021-04-19,Blocked,4.51
C432_b738,432,Credit Premium,2024-05-29,Active,2.27
C432_e56a,432,Credit Premium,2025-01-18,Active,2.44
C433_2d79,433,Debit Premium,2021-01-26,Active,13.4
C434_53b9,434,Debit Standard,2023-09-09,Active,11.82
C434_d547,434,Credit Standard,2023-10-22,Active,0.56
C435_8cb1,435,Credit Standard,2021-07-24,Active,3.96
C435_8a84,435,Debit Standard,2025-05-01,Active,10.91
C436_4e2e,436,Debit Standard,2024-04-06,Active,14.07
C437_fd14,437,Debit Premium,2024-01-11,Blocked,11.59
C438_6434,438,Debit Standard,2021-03-27,Active,4.05
C439_1f21,439,Debit Standard,2024-10-19,Active,9.24
C440_a748,440,Credit Premium,2021-12-01,Active,5.49
C440_3d9f,440,Debit Standard,2021-04-19,Active,9.71
C441_11d5,441,Debit Standard,2025-02-24,Active,14.32
C442_37ef,442,Debit Standard,2024-09-02,Active,10.52
C443_dbf9,443,Debit Premium,2021-05-03,Blocked,10.88
C444_31ff,444,Credit Standard,2025-03-03,Active,4.81
C444_9efb,444,Debit Standard,2024-02-29,Active,10.5
C445_a41a,445,Credit Standard,2022-09-20,Active,5.6
C446_a3da,446,Debit Premium,2020-09-25,Blocked,0.03
C447_c4d3,447,Debit Standard,2022-03-29,Active,1.29
C448_f987,448,Debit Standard,2022-03-03,Closed,9.69
C449_ae9e,449,Debit Standard,2022-04-17,Active,6.8
C450_3c91,450,Debit Standard,2024-05-07,Active,1.27
C451_46ac,451,Debit Standard,2022-12-16,Active,8.81
C452_b87c,452,Debit Premium,2023-01-08,Active,3.83
C453_9d41,453,Credit Premium,2021-07-19,Active,4.28
C454_9cd3,454,Debit Premium,2021-03-29,Active,10.37
C455_68cb,455,Credit Premium,2022-07-13,Active,4.86
C456_486c,456,Debit Standard,2021-09-18,Blocked,12.5
C457_5ec2,457,Credit Premium,2021-09-23,Blocked,12.87
C458_51f8,458,Debit Premium,2021-02-17,Closed,0.39
C458_d741,458,Debit Premium,2022-02-13,Active,8.46
C459_857d,459,Debit Premium,2024-02-04,Active,5.38
C459_60fc,459,Debit Premium,2023-11-06,Active,5.07
C460_13bd,460,Debit Standard,2022-12-09,Active,12.92
C461_86d6,461,Debit Standard,2022-02-02,Blocked,6.35
C461_5994,461,Debit Standard,2021-10-23,Active,10.67
C462_9297,462,Credit Standard,2024-02-22,Active,4.38
C463_1de4,463,Debit Premium,2021-10-31,Active,4.32
C463_d953,463,Debit Standard,2025-01-19,Active,6.75
C464_d6ca,464,Debit Premium,2020-10-25,Active,5.19
C465_92a9,465,Credit Premium,2021-03-19,Active,8.98
C466_ed3d,466,Debit Standard,2021-04-30,Active,8.04
C467_853a,467,Credit Standard,2020-11-07,Active,5.36
C468_aeff,468,Debit Standard,2021-03-23,Closed,14.62
C469_bcb4,469,Debit Standard,2025-06-22,Active,1.77
C470_cb02,470,Debit Standard,2023-09-10,Active,8.55
C471_1f39,471,Debit Standard,2025-06-07,Active,11.42
C472_848d,472,Debit Standard,2021-11-06,Active,12.3
C472_eef7,472,Credit Standard,2022-07-23,Active,0.64
C473_b4fb,473,Credit Standard,2021-09-19,Active,10.0
C474_2783,474,Debit Standard,2021-12-30,Active,1.61
C475_1870,475,Debit Premium,2022-10-13,Active,12.9
C475_c7b2,475,Debit Premium,2022-09-07,Active,0.68
C476_0a9f,476,Debit Premium,2021-02-15,Active,8.64
C476_7396,476,Debit Standard,2020-12-27,Active,13.87
C477_a322,477,Debit Premium,2023-12-16,Active,6.25
C478_fbdc,478,Credit Standard,2023-01-05,Active,3.21
C479_c6b1,479,Debit Standard,2021-03-31,Active,4.98
C479_3f73,479,Credit Standard,2024-12-08,Active,12.74
C480_f95d,480,Credit Standard,2020-07-31,Blocked,3.94
C480_9407,480,Debit Premium,2024-11-27,Active,11.54
C481_b5f7,481,Debit Premium,2023-04-25,Active,0.2
C482_8884,482,Debit Premium,2023-10-17,Blocked,0.68
C482_184d,482,Debit Standard,2024-04-11,Active,3.33
C483_3ca5,483,Credit Standard,2022-09-19,Active,12.61
C484_15ad,484,Debit Standard,2023-08-15,Active,10.16
C484_62e5,484,Debit Standard,2024-04-17,Active,13.35
C485_c573,485,Debit Standard,2022-12-01,Active,2.8
C486_6c82,486,Debit Standard,2024-06-21,Active,14.73
C487_be5c,487,Credit Standard,2024-11-21,Closed,6.02
C488_01ed,488,Debit Standard,2022-10-04,Active,14.49
C488_b53c,488,Credit Standard,2022-09-04,Active,6.85
C489_7888,489,Debit Standard,2022-09-28,Active,8.04
C490_9bd2,490,Credit Standard,2024-09-20,Active,8.95
C490_2c07,490,Credit Standard,2020-08-15,Active,9.46
C491_b560,491,Credit Premium,2021-06-02,Active,3.66
C492_4f65,492,Credit Standard,2023-03-27,Active,10.27
C493_314a,493,Debit Standard,2023-04-20,Active,7.88
C494_20a4,494,Debit Premium,2021-07-18,Active,11.86
C494_b894,494,Debit Standard,2024-07-04,Active,8.1
C495_d67c,495,Debit Standard,2023-07-02,Active,0.58
C496_68fe,496,Debit Standard,2023-08-04,Closed,7.72
C497_1679,497,Debit Premium,2025-03-26,Blocked,0.31
C498_1897,498,Debit Standard,2020-08-15,Active,12.56
C498_dbd6,498,Debit Premium,2023-10-11,Active,1.47
C499_64af,499,Debit Standard,2021-04-24,Blocked,5.92
C500_d746,500,Credit Premium,2023-01-04,Active,10.39
C501_474f,501,Debit Standard,2024-12-20,Active,7.63
C501_ad82,501,Credit Premium,2023-05-12,Blocked,3.26
C502_0063,502,Debit Premium,2021-04-13,Blocked,1.6
C502_73cc,502,Debit Premium,2022-03-06,Active,9.0
C503_ab61,503,Debit Standard,2025-05-08,Active,7.09
C503_2bd4,503,Debit Standard,2024-04-25,Active,7.93
C504_0136,504,Debit Standard,2021-05-26,Active,11.28
C505_4ffe,505,Credit Standard,2025-02-14,Active,0.75
C506_4d1d,506,Debit Premium,2021-04-11,Blocked,1.4
C507_49e7,507,Credit Standard,2021-01-03,Blocked,3.13
C508_1c7b,508,Credit Standard,2021-11-21,Active,14.18
C508_771a,508,Debit Standard,2022-09-07,Active,10.43
C509_2af5,509,Debit Standard,2024-03-25,Active,1.83
C510_06fa,510,Credit Standard,2025-04-05,Active,12.17
C511_1f69,511,Debit Premium,2021-05-06,Active,13.95
C511_c4be,511,Credit Premium,2023-09-26,Active,0.41
C512_6243,512,Debit Standard,2022-06-11,Active,4.26
C513_8132,513,Debit Premium,2025-04-02,Active,5.79
C513_6ceb,513,Credit Standard,2020-07-23,Blocked,6.92
C514_f26b,514,Credit Standard,2022-06-24,Active,12.19
C514_5057,514,Debit Standard,2024-07-06,Blocked,10.77
C515_bccc,515,Debit Standard,2024-06-19,Active,9.75
C516_e75c,516,Credit Premium,2022-08-23,Active,12.9
C517_29ef,517,Debit Standard,2022-01-28,Active,6.53
C518_7657,518,Debit Standard,2023-03-30,Active,7.07
C519_7969,519,Debit Standard,2022-12-04,Active,7.73
C520_fb72,520,Debit Premium,2021-05-10,Active,1.89
C521_d18c,521,Credit Premium,2022-01-15,Active,8.98
C522_f387,522,Debit Standard,2023-04-24,Active,10.46
C523_7dd5,523,Credit Standard,2024-01-05,Active,14.4
C524_f415,524,Debit Premium,2024-03-28,Active,1.79
C525_912d,525,Credit Standard,2022-03-23,Active,14.62
C525_21ab,525,Debit Standard,2021-03-27,Blocked,3.7
C526_abfa,526,Debit Standard,2025-03-15,Closed,12.22
C526_3536,526,Debit Standard,2021-02-27,Active,8.61
C527_7a28,527,Debit Standard,2023-05-28,Active,2.5
C528_329b,528,Debit Standard,2023-01-01,Active,10.82
C528_e337,528,Debit Standard,2024-01-20,Active,5.99
C529_b397,529,Debit Standard,2022-11-25,Active,14.19
C530_1608,530,Credit Standard,2023-06-08,Active,6.34
C531_6187,531,Debit Premium,2022-06-19,Active,10.82
C532_6689,532,Credit Standard,2025-03-14,Active,12.67
C533_a29d,533,Debit Premium,2022-12-11,Active,8.21
C533_662a,533,Debit Premium,2024-02-28,Active,8.75
C534_b6d2,534,Credit Standard,2025-06-23,Active,4.07
C535_783d,535,Debit Standard,2025-02-23,Active,8.0
C536_d161,536,Credit Standard,2025-06-22,Active,14.16
C537_58be,537,Credit Standard,2020-10-21,Active,9.13
C538_70dc,538,Debit Standard,2023-02-17,Active,3.73
C539_fd7f,539,Credit Standard,2023-04-23,Closed,7.89
C540_9ff9,540,Debit Standard,2023-05-16,Active,10.13
C541_e412,541,Debit Standard,2024-09-19,Active,1.99
C542_197e,542,Credit Standard,2021-12-30,Active,8.22
C543_3a94,543,Credit Standard,2022-01-05,Active,8.76
C544_fcd2,544,Credit Standard,2024-03-17,Active,0.56
C545_4a18,545,Debit Premium,2023-11-12,Active,7.48
C545_8805,545,Debit Premium,2020-10-23,Active,3.6
C546_e54e,546,Debit Standard,2021-05-25,Active,6.27
C547_d094,547,Credit Standard,2022-11-23,Active,14.86
C548_4d43,548,Credit Premium,2023-10-26,Blocked,0.42
C549_4467,549,Debit Standard,2023-04-24,Blocked,1.8
C550_0f52,550,Debit Standard,2022-12-27,Active,0.21
C551_746c,551,Debit Standard,2023-02-14,Active,6.5
C552_60ab,552,Debit Standard,2021-01-25,Blocked,2.66
C553_cb62,553,Debit Standard,2021-04-08,Active,11.51
C554_4f0f,554,Credit Standard,2020-12-25,Active,9.52
C554_0b08,554,Debit Standard,2021-10-25,Active,14.7
C555_2b53,555,Debit Premium,2024-06-26,Active,14.59
C556_23a6,556,Credit Standard,2020-08-29,Active,8.4
C557_228c,557,Debit Standard,2021-05-09,Blocked,2.3
C558_9b86,558,Credit Premium,2021-06-22,Active,5.78
C559_ef38,559,Debit Standard,2024-08-19,Active,12.97
C560_793c,560,Debit Standard,2024-04-12,Active,12.56
C561_e353,561,Debit Premium,2021-12-02,Active,12.18
C562_dae3,562,Credit Premium,2023-08-29,Active,5.34
C563_82ee,563,Debit Standard,2021-08-05,Active,0.2
C564_f54e,564,Credit Premium,2020-10-15,Active,14.14
C565_3f84,565,Debit Premium,2021-04-16,Active,12.5
C566_60cd,566,Debit Standard,2023-08-27,Active,14.59
C567_8fcb,567,Debit Premium,2025-05-09,Active,5.2
C568_4e84,568,Debit Standard,2022-07-20,Active,11.91
C569_2709,569,Debit Standard,2023-12-08,Active,6.93
C569_5d46,569,Debit Premium,2022-11-26,Active,5.24
C570_5fa7,570,Credit Premium,2020-09-01,Active,1.66
C571_41ff,571,Credit Standard,2022-04-09,Blocked,6.1
C572_2fab,572,Debit Premium,2021-06-22,Active,12.98
C573_7be1,573,Debit Standard,2021-07-23,Active,2.72
C574_d13d,574,Debit Standard,2021-09-02,Blocked,11.93
C575_eae1,575,Credit Premium,2023-06-24,Active,4.55
C576_333a,576,Credit Premium,2021-04-19,Active,3.93
C577_2505,577,Debit Standard,2022-08-17,Active,11.76
C577_1da1,577,Debit Premium,2022-07-22,Active,4.68
C578_c4fa,578,Credit Standard,2021-05-14,Active,8.08
C579_edb8,579,Credit Standard,2023-10-16,Active,4.14
C579_a345,579,Credit Premium,2023-04-25,Active,5.36
C580_f760,580,Credit Premium,2024-01-27,Active,0.91
C581_ccbc,581,Debit Standard,2021-11-04,Active,8.92
C582_be98,582,Debit Premium,2022-10-07,Active,7.32
C583_55bd,583,Debit Standard,2024-01-13,Active,8.08
C584_4444,584,Debit Standard,2022-06-02,Blocked,0.4
C585_ee9d,585,Credit Standard,2022-01-05,Active,12.48
C586_f35f,586,Debit Standard,2024-12-11,Active,14.42
C587_7f57,587,Debit Premium,2022-03-09,Active,7.65
C588_97e2,588,Credit Premium,2021-02-12,Active,8.71
C589_b19b,589,Credit Standard,2020-11-07,Active,2.44
C590_cc80,590,Debit Premium,2021-11-03,Active,4.81
C591_678f,591,Debit Premium,2022-06-25,Active,3.19
C591_32ab,591,Debit Standard,2020-10-04,Active,5.76
C592_db90,592,Debit Premium,2022-02-06,Blocked,8.55
C593_a881,593,Debit Premium,2024-04-24,Active,13.67
C594_55b2,594,Credit Standard,2023-06-09,Active,9.35
C595_cabf,595,Debit Standard,2020-08-18,Active,13.85
C596_7ada,596,Credit Standard,2022-06-06,Active,5.96
C597_dcb4,597,Credit Standard,2023-10-07,Active,14.31
C598_aaba,598,Debit Standard,2022-02-02,Active,1.92
C599_69d3,599,Debit Premium,2023-10-29,Active,3.75
C600_6dca,600,Debit Premium,2023-09-25,Active,9.12
C601_f5f2,601,Debit Standard,2022-04-25,Active,7.31
C602_eec6,602,Debit Standard,2021-11-01,Blocked,11.6
C602_4d01,602,Debit Standard,2022-01-22,Closed,5.53
C603_4013,603,Credit Premium,2021-12-27,Active,13.3
C604_e71f,604,Credit Standard,2024-01-27,Active,14.7
C605_6ca1,605,Debit Standard,2024-08-29,Active,6.93
C606_9af1,606,Credit Standard,2023-03-04,Active,11.93
C607_48ef,607,Debit Standard,2023-09-07,Active,9.16
C608_7ffc,608,Debit Standard,2024-11-10,Active,10.05
C609_6c00,609,Credit Standard,2022-10-21,Active,1.39
C610_681b,610,Debit Premium,2020-10-18,Active,9.93
C611_8e38,611,Credit Premium,2021-03-21,Active,3.83
C612_b664,612,Credit Premium,2020-09-15,Active,1.29
C613_cf4d,613,Credit Standard,2023-10-22,Active,4.37
C614_8c9e,614,Debit Standard,2024-07-02,Active,7.25
C615_be7c,615,Credit Standard,2024-07-12,Active,14.99
C615_964e,615,Credit Premium,2020-09-13,Active,11.56
C616_4ed0,616,Debit Premium,2024-02-25,Active,3.02
C617_2a51,617,Credit Premium,2024-05-05,Active,14.19
C618_ef1a,618,Debit Standard,2024-09-19,Active,9.44
C618_dc30,618,Debit Standard,2021-10-21,Active,10.45
C619_d866,619,Debit Standard,2022-08-21,Blocked,10.93
C619_8663,619,Credit Standard,2022-05-25,Active,8.0
C620_ec20,620,Debit Premium,2024-10-31,Active,3.11
C621_88fc,621,Debit Standard,2021-04-22,Active,3.1
C622_8100,622,Debit Standard,2021-09-04,Closed,0.02
C622_5707,622,Credit Standard,2022-02-22,Active,11.78
C623_788a,623,Credit Standard,2021-02-25,Active,9.41
C624_23a8,624,Credit Standard,2024-06-16,Active,3.72
C625_421f,625,Debit Standard,2021-03-06,Active,4.32
C626_216d,626,Credit Standard,2024-06-20,Active,7.71
C627_5470,627,Credit Standard,2021-05-14,Active,1.49
C628_ad5a,628,Credit Premium,2021-06-04,Active,11.14
C629_ff09,629,Credit Standard,2025-06-04,Active,6.78
C629_01d1,629,Debit Premium,2024-07-12,Active,14.52
C630_36c5,630,Debit Standard,2021-04-07,Blocked,14.91
C631_f193,631,Credit Standard,2024-08-16,Active,10.43
C632_e309,632,Credit Standard,2023-09-11,Active,3.3
C633_34a7,633,Credit Standard,2024-02-05,Active,1.34
C634_4483,634,Debit Standard,2021-02-05,Active,2.89
C634_5264,634,Debit Standard,2023-07-30,Active,11.77
C635_732a,635,Credit Standard,2023-05-31,Active,12.13
C635_f9c8,635,Credit Standard,2021-07-29,Active,8.58
C636_3816,636,Credit Standard,2024-09-19,Active,5.22
C637_9615,637,Debit Standard,2024-04-09,Active,14.61
C638_1665,638,Credit Premium,2023-03-07,Blocked,12.27
C639_5b33,639,Debit Standard,2021-06-25,Blocked,8.59
C640_c245,640,Credit Standard,2023-04-12,Active,10.38
C641_c317,641,Credit Premium,2020-07-02,Active,13.02
C642_4d6b,642,Debit Standard,2022-01-28,Active,11.59
C643_28b6,643,Debit Premium,2024-07-13,Active,13.61
C644_b687,644,Credit Standard,2024-12-11,Blocked,5.0
C645_b484,645,Credit Standard,2021-05-22,Active,4.86
C646_16d9,646,Credit Standard,2023-10-26,Active,1.59
C646_240c,646,Debit Premium,2021-09-08,Blocked,2.64
C647_26b4,647,Credit Standard,2021-07-05,Blocked,9.84
C648_e45f,648,Debit Standard,2021-04-15,Active,13.06
C649_94a2,649,Credit Standard,2021-05-03,Active,13.7
C649_e64f,649,Credit Premium,2023-01-22,Active,14.23
C650_e6ef,650,Debit Premium,2021-12-14,Blocked,6.3
C651_444e,651,Credit Standard,2023-05-13,Closed,9.94
C652_cefa,652,Credit Standard,2023-12-04,Blocked,2.24
C653_2d5d,653,Credit Standard,2021-11-12,Active,9.27
C654_361f,654,Debit Standard,2024-11-29,Active,9.95
C654_5b8a,654,Credit Standard,2024-05-14,Active,11.83
C655_d5b2,655,Debit Standard,2021-04-06,Blocked,2.48
C656_cc0a,656,Credit Standard,2023-01-23,Active,7.8
C657_23d8,657,Debit Standard,2023-06-17,Active,13.61
C658_eded,658,Credit Premium,2022-06-16,Active,7.58
C659_c3c0,659,Credit Premium,2024-03-25,Active,5.15
C659_c069,659,Debit Standard,2022-05-27,Active,3.04
C660_3307,660,Debit Premium,2022-07-03,Active,4.46
C661_a90a,661,Credit Premium,2024-09-17,Closed,1.71
C662_f963,662,Debit Premium,2024-08-01,Blocked,14.72
C663_a9b8,663,Debit Premium,2022-10-14,Blocked,6.29
C664_9f7b,664,Debit Premium,2022-01-08,Active,11.03
C665_8c66,665,Debit Standard,2021-06-05,Closed,13.78
C666_1c14,666,Debit Standard,2020-11-25,Active,11.8
C667_8748,667,Credit Premium,2025-04-07,Active,14.41
C667_bcc0,667,Credit Standard,2023-09-08,Active,5.49
C668_9bb3,668,Credit Premium,2023-05-13,Active,9.7
C668_fde6,668,Credit Standard,2024-09-10,Active,3.3
C669_bcd8,669,Debit Standard,2020-09-16,Active,1.0
C670_ce5e,670,Credit Standard,2021-09-05,Blocked,12.98
C671_d98e,671,Debit Premium,2020-08-25,Blocked,8.5
C672_df06,672,Credit Standard,2021-06-02,Active,1.23
C673_4fd4,673,Debit Standard,2022-02-20,Active,10.36
C674_0c44,674,Debit Standard,2022-06-11,Active,8.29
C675_c8e8,675,Credit Standard,2023-07-21,Active,11.35
C676_a640,676,Debit Standard,2024-12-31,Blocked,13.15
C677_5e3f,677,Credit Standard,2024-01-19,Active,8.02
C677_0a25,677,Debit Premium,2022-05-21,Active,11.73
C678_7228,678,Credit Premium,2020-07-31,Active,6.13
C679_337f,679,Credit Premium,2021-01-11,Active,1.85
C680_ee62,680,Debit Premium,2023-03-08,Active,1.77
C681_4b7b,681,Debit Standard,2024-05-03,Active,10.36
C682_7dbc,682,Debit Premium,2023-04-18,Active,0.53
C682_debe,682,Credit Standard,2023-01-29,Active,12.14
C683_5503,683,Debit Standard,2023-11-26,Blocked,1.59
C683_6751,683,Debit Premium,2022-11-15,Active,12.95
C684_36cc,684,Debit Premium,2024-06-17,Closed,11.06
C685_6db6,685,Debit Premium,2021-08-05,Blocked,7.3
C686_7a31,686,Debit Standard,2022-02-09,Active,7.2
C687_9fe1,687,Credit Standard,2022-02-17,Active,13.96
C687_454b,687,Debit Standard,2024-10-06,Active,3.17
C688_9656,688,Debit Standard,2022-01-23,Active,0.26
C689_7b34,689,Debit Premium,2022-08-07,Active,6.91
C690_1dc1,690,Debit Standard,2020-12-14,Active,13.77
C691_bcbb,691,Debit Premium,2021-04-03,Active,9.49
C692_182f,692,Credit Standard,2021-08-28,Active,7.89
C693_a566,693,Credit Standard,2023-07-18,Active,12.43
C694_606d,694,Credit Premium,2024-08-23,Active,3.95
C695_e414,695,Credit Standard,2024-12-06,Active,6.18
C696_c374,696,Debit Standard,2025-05-04,Active,1.62
C697_186f,697,Debit Premium,2021-09-07,Active,12.43
C697_1875,697,Debit Standard,2022-02-03,Closed,9.18
C698_2d8c,698,Debit Standard,2022-10-01,Active,10.27
C699_531d,699,Debit Premium,2021-12-05,Active,2.71
C700_5606,700,Credit Standard,2025-02-19,Active,0.11
C701_6574,701,Credit Standard,2020-08-02,Active,11.57
C702_6f69,702,Debit Premium,2022-08-08,Active,13.5
C703_6d6f,703,Credit Standard,2021-07-17,Active,10.02
C704_9ba7,704,Credit Premium,2024-09-07,Active,3.43
C704_df0b,704,Credit Standard,2020-12-28,Active,1.84
C705_fa67,705,Debit Standard,2021-04-02,Closed,12.17
C705_754c,705,Credit Standard,2020-07-17,Active,6.12
C706_a022,706,Credit Premium,2021-11-06,Closed,7.02
C707_8ecc,707,Debit Premium,2025-04-25,Blocked,6.0
C707_7444,707,Credit Standard,2021-01-24,Active,5.12
C708_f9ae,708,Credit Standard,2022-10-20,Active,1.12
C709_678b,709,Debit Premium,2020-09-09,Active,7.16
C710_cfa2,710,Credit Standard,2021-06-08,Active,6.61
C711_4cf2,711,Credit Standard,2023-04-17,Active,0.99
C711_7d3c,711,Credit Standard,2024-04-09,Active,5.15
C712_e849,712,Debit Standard,2021-10-23,Blocked,2.86
C713_4c78,713,Credit Standard,2022-01-03,Active,1.87
C714_cfc7,714,Credit Standard,2021-10-27,Active,11.27
C715_c1c3,715,Credit Premium,2024-11-04,Active,11.32
C715_d0a5,715,Credit Standard,2025-01-12,Closed,12.96
C716_e847,716,Debit Standard,2024-01-24,Active,11.85
C717_21d9,717,Credit Standard,2025-04-07,Active,9.99
C718_2b24,718,Debit Standard,2021-03-11,Active,6.75
C718_33c4,718,Credit Standard,2024-07-23,Active,12.28
C719_f863,719,Debit Standard,2022-02-12,Active,2.33
C720_604f,720,Debit Premium,2023-04-18,Active,6.76
C721_40af,721,Credit Standard,2024-04-04,Active,5.66
C722_f86f,722,Debit Premium,2020-10-25,Blocked,6.63
C722_6ef9,722,Debit Standard,2022-05-21,Active,12.04
C723_beb6,723,Credit Standard,2024-07-08,Active,5.31
C724_9898,724,Debit Standard,2023-11-08,Active,11.94
C725_dad1,725,Credit Standard,2023-05-10,Active,12.5
C725_900e,725,Credit Standard,2023-06-16,Active,10.61
C726_2d53,726,Debit Standard,2022-11-18,Active,13.83
C726_f26b,726,Credit Standard,2021-07-02,Active,10.08
C727_2783,727,Credit Premium,2023-01-21,Blocked,8.35
C727_ffa8,727,Debit Premium,2021-12-01,Closed,9.94
C728_aac4,728,Debit Standard,2021-02-24,Active,7.3
C729_63ec,729,Debit Standard,2023-12-29,Active,2.54
C730_91c7,730,Debit Premium,2022-08-13,Active,11.4
C731_52f2,731,Debit Standard,2024-05-04,Closed,1.11
C732_9b97,732,Debit Standard,2021-04-28,Active,11.46
C733_e56a,733,Credit Premium,2021-11-05,Active,6.9
C733_9bba,733,Debit Standard,2020-11-25,Active,0.1
C734_c6b2,734,Credit Premium,2022-09-14,Active,3.16
C735_7e5c,735,Credit Standard,2021-02-10,Blocked,14.18
C736_981f,736,Debit Premium,2022-02-02,Active,8.94
C737_a896,737,Credit Standard,2022-03-09,Blocked,13.5
C738_bd9a,738,Debit Premium,2025-04-27,Active,14.55
C739_d88c,739,Debit Standard,2025-02-16,Active,2.62
C740_e23b,740,Debit Premium,2023-05-02,Closed,2.39
C741_8bea,741,Debit Standard,2022-05-31,Active,7.19
C741_92ec,741,Debit Premium,2023-12-31,Active,2.78
C742_f685,742,Debit Standard,2022-11-14,Active,7.76
C743_d219,743,Debit Standard,2021-05-06,Closed,5.7
C744_5a23,744,Debit Standard,2020-10-25,Blocked,1.08
C745_a454,745,Debit Premium,2023-11-24,Active,9.65
C746_d224,746,Credit Standard,2024-02-25,Blocked,12.57
C747_d00f,747,Debit Standard,2020-07-11,Active,12.29
C748_744d,748,Debit Standard,2025-01-24,Active,3.98
C749_0381,749,Debit Standard,2020-11-10,Active,3.38
C749_64b5,749,Credit Standard,2023-10-03,Closed,1.19
C750_384a,750,Credit Premium,2025-02-24,Active,5.09
C751_0a77,751,Debit Standard,2023-11-05,Active,3.78
C752_2bd1,752,Credit Standard,2023-09-22,Active,13.94
C753_a14d,753,Debit Standard,2024-01-23,Active,13.02
C754_838e,754,Debit Standard,2023-07-09,Active,3.74
C755_0841,755,Debit Standard,2024-01-08,Active,13.74
C756_a158,756,Debit Premium,2020-11-23,Active,14.69
C756_569a,756,Debit Premium,2024-05-20,Active,6.01
C757_327b,757,Debit Standard,2022-04-18,Active,13.85
C758_4b2d,758,Credit Standard,2023-03-30,Active,6.36
C758_cb57,758,Debit Premium,2021-09-18,Blocked,4.96
C759_6a43,759,Debit Standard,2022-11-01,Active,0.24
C760_cc35,760,Credit Premium,2021-06-06,Active,13.33
C761_caeb,761,Credit Standard,2024-09-21,Active,13.39
C762_c90f,762,Debit Standard,2022-05-18,Active,3.52
C763_20f4,763,Debit Standard,2025-04-03,Active,11.09
C764_9f78,764,Credit Premium,2023-07-29,Active,0.27
C765_9de8,765,Credit Premium,2024-12-14,Active,9.93
C765_664a,765,Debit Standard,2024-08-16,Active,5.44
C766_1407,766,Debit Standard,2025-01-31,Active,7.95
C767_2a4b,767,Credit Standard,2023-01-26,Closed,12.63
C768_2196,768,Debit Premium,2024-12-25,Active,8.57
C769_8be6,769,Debit Standard,2024-01-11,Blocked,1.81
C770_c9e1,770,Debit Standard,2023-08-10,Active,0.92
C770_3756,770,Credit Standard,2024-04-09,Active,14.51
C771_c78e,771,Credit Standard,2024-01-13,Active,5.22
C772_0f5a,772,Credit Standard,2022-08-11,Active,10.37
C773_5654,773,Credit Premium,2021-05-20,Active,4.48
C773_7df8,773,Debit Standard,2023-08-24,Closed,11.53
C774_fee2,774,Debit Premium,2022-09-28,Active,9.77
C775_48e0,775,Debit Premium,2022-02-23,Active,14.55
C776_3dbe,776,Debit Standard,2022-03-09,Active,2.33
C776_1f26,776,Debit Premium,2025-01-14,Active,12.95
C777_2b3c,777,Credit Premium,2023-06-09,Closed,11.68
C777_e096,777,Credit Standard,2025-01-10,Active,13.93
C778_6f08,778,Debit Premium,2021-06-03,Active,13.35
C779_3374,779,Debit Standard,2024-11-02,Active,4.33
C780_e618,780,Debit Standard,2021-05-18,Blocked,8.96
C781_ac91,781,Debit Premium,2025-03-11,Active,0.92
C782_cc29,782,Credit Standard,2021-07-11,Active,2.7
C783_cc58,783,Debit Standard,2022-12-30,Active,4.19
C784_4b62,784,Debit Standard,2022-08-04,Active,2.4
C784_ec1c,784,Debit Standard,2025-01-27,Active,11.25
C785_13e3,785,Debit Standard,2024-07-20,Active,7.86
C786_6d2d,786,Credit Standard,2022-10-10,Active,2.61
C786_e3a2,786,Debit Premium,2021-05-14,Active,12.98
C787_76ad,787,Credit Standard,2023-06-24,Active,13.34
C787_ef17,787,Credit Standard,2024-05-29,Active,3.6
C788_51a2,788,Credit Premium,2023-02-21,Active,1.54
C789_0bae,789,Credit Standard,2023-12-25,Active,13.51
C790_76ad,790,Debit Standard,2021-12-31,Active,2.62
C791_de6f,791,Credit Standard,2023-11-03,Blocked,4.54
C791_1b74,791,Credit Standard,2024-02-09,Active,5.55
C792_955e,792,Credit Standard,2023-01-01,Active,3.51
C793_07f8,793,Debit Standard,2025-04-21,Active,9.25
C793_bde8,793,Credit Premium,2023-12-31,Blocked,6.17
C794_e31b,794,Debit Standard,2022-07-30,Active,0.01
C795_1bbf,795,Debit Standard,2021-06-25,Active,8.45
C796_4bc3,796,Debit Premium,2023-07-16,Active,13.19
C796_6e9c,796,Credit Standard,2021-10-04,Active,11.33
C797_e148,797,Credit Standard,2022-01-29,Active,9.09
C798_c2c4,798,Credit Standard,2020-09-03,Active,2.07
C799_836c,799,Debit Standard,2023-03-02,Closed,12.58
C800_1a29,800,Debit Premium,2025-04-08,Closed,14.34
C801_bc78,801,Debit Standard,2024-07-20,Active,5.67
C802_ec1c,802,Debit Premium,2024-09-08,Active,12.22
C803_9dc2,803,Credit Standard,2021-04-05,Active,0.63
C804_ecd2,804,Debit Premium,2023-12-05,Active,1.42
C805_570e,805,Credit Standard,2022-05-11,Active,8.15
C806_571c,806,Credit Standard,2022-09-14,Closed,12.01
C806_b36c,806,Credit Standard,2021-01-20,Blocked,10.09
C807_cc89,807,Debit Standard,2021-07-28,Active,2.81
C808_7072,808,Debit Premium,2022-11-18,Active,11.46
C808_4114,808,Credit Standard,2024-04-06,Active,5.88
C809_5240,809,Debit Premium,2022-07-21,Active,2.49
C810_5cae,810,Debit Standard,2023-07-16,Active,9.52
C811_600c,811,Credit Standard,2022-03-15,Active,4.17
C812_a0e3,812,Credit Standard,2025-06-07,Active,13.94
C813_cb34,813,Credit Standard,2020-09-04,Active,11.17
C813_1e6a,813,Credit Standard,2023-03-01,Active,8.31
C814_17bc,814,Debit Standard,2021-07-21,Active,14.48
C815_8e6b,815,Debit Premium,2022-12-21,Active,14.29
C816_a7b0,816,Credit Standard,2023-07-26,Active,12.71
C816_1536,816,Debit Standard,2022-05-21,Active,2.09
C817_a4ed,817,Credit Standard,2022-12-05,Active,9.73
C817_4668,817,Credit Standard,2023-09-26,Active,5.44
C818_e9a2,818,Debit Standard,2024-05-05,Active,4.35
C819_00ac,819,Credit Standard,2021-11-27,Active,13.36
C820_e922,820,Debit Standard,2020-11-29,Active,6.81
C821_0de6,821,Credit Premium,2022-05-26,Active,5.34
C822_415f,822,Credit Premium,2023-02-22,Active,8.73
C823_bc85,823,Debit Standard,2025-01-19,Active,11.53
C823_c4fc,823,Debit Standard,2024-09-19,Closed,1.04
C824_817d,824,Credit Standard,2020-11-30,Active,9.72
C825_3683,825,Debit Standard,2022-06-19,Active,13.56
C826_0aa1,826,Debit Premium,2025-04-01,Blocked,6.7
C826_b9fd,826,Credit Standard,2024-03-06,Active,8.16
C827_653d,827,Credit Standard,2020-08-10,Active,12.27
C827_a2cb,827,Credit Standard,2024-12-12,Active,4.36
C828_519b,828,Debit Premium,2024-12-06,Active,4.46
C829_4cab,829,Debit Standard,2025-03-14,Active,0.8
C830_9846,830,Credit Standard,2024-12-04,Active,1.11
C831_9216,831,Debit Standard,2025-04-24,Blocked,6.22
C832_438f,832,Debit Standard,2025-03-23,Active,8.22
C833_1ef8,833,Debit Premium,2023-02-28,Active,4.91
C834_4174,834,Credit Standard,2024-11-10,Active,10.03
C834_1a6e,834,Credit Standard,2025-06-26,Active,10.53
C835_b020,835,Debit Premium,2021-02-19,Active,14.89
C836_5744,836,Debit Standard,2020-07-19,Active,7.98
C836_f719,836,Credit Standard,2023-04-16,Active,4.96
C837_8ea7,837,Debit Premium,2022-02-28,Blocked,13.35
C837_0148,837,Credit Standard,2020-08-23,Active,9.11
C838_766c,838,Credit Standard,2021-06-05,Active,12.9
C839_051c,839,Debit Standard,2024-09-27,Active,13.7
C840_db76,840,Debit Standard,2024-11-13,Active,8.01
C840_439c,840,Debit Premium,2022-03-13,Active,7.62
C841_9a79,841,Credit Premium,2024-04-16,Blocked,10.54
C842_54bb,842,Credit Standard,2020-08-13,Active,9.22
C842_c69a,842,Debit Standard,2022-12-29,Active,8.55
C843_1756,843,Debit Standard,2021-10-18,Active,7.32
C844_d057,844,Debit Premium,2023-06-16,Active,7.14
C845_af5c,845,Credit Standard,2022-05-17,Active,5.55
C846_f7d9,846,Credit Premium,2024-05-09,Active,6.84
C847_180f,847,Debit Standard,2021-03-12,Active,3.12
C847_2c27,847,Debit Standard,2025-03-11,Blocked,7.5
C848_5c34,848,Credit Premium,2023-04-26,Closed,4.69
C849_ab98,849,Debit Premium,2023-05-24,Active,13.49
C850_e223,850,Credit Premium,2024-07-16,Active,13.04
C851_4d86,851,Credit Standard,2023-03-16,Blocked,11.87
C852_9ecb,852,Credit Premium,2023-03-18,Active,3.62
C853_595a,853,Credit Standard,2020-08-28,Active,8.77
C854_9f51,854,Debit Premium,2021-12-19,Active,13.19
C854_4b69,854,Credit Premium,2022-09-27,Active,13.24
C855_2863,855,Debit Premium,2022-07-25,Active,5.79
C856_1d0f,856,Credit Premium,2020-11-23,Active,3.16
C857_60fc,857,Debit Standard,2020-10-20,Active,6.44
C858_033f,858,Debit Premium,2024-05-24,Blocked,0.05
C859_b253,859,Debit Standard,2021-12-27,Active,12.55
C859_c497,859,Credit Standard,2023-11-23,Active,13.71
C860_1acd,860,Debit Premium,2021-08-28,Active,10.99
C860_6c50,860,Debit Premium,2024-12-13,Active,0.6
C861_94bd,861,Debit Premium,2022-11-30,Active,13.4
C862_7b4b,862,Debit Standard,2025-06-17,Active,0.75
C863_3b3e,863,Credit Standard,2020-11-21,Active,9.72
C864_7134,864,Debit Standard,2024-12-09,Active,9.13
C865_d157,865,Debit Standard,2023-09-29,Active,4.57
C866_f8b8,866,Credit Standard,2022-03-20,Active,4.56
C867_8fb9,867,Credit Standard,2022-07-25,Active,10.46
C868_89f0,868,Debit Premium,2023-02-25,Active,7.56
C869_3db1,869,Debit Standard,2025-05-10,Active,4.21
C870_6efa,870,Credit Standard,2022-01-07,Blocked,8.66
C871_09d2,871,Debit Standard,2023-07-23,Blocked,10.39
C872_d95e,872,Debit Standard,2023-05-25,Active,13.9
C873_641c,873,Debit Standard,2020-07-15,Active,5.66
C874_c430,874,Credit Standard,2021-05-05,Blocked,14.08
C875_993c,875,Debit Standard,2023-04-19,Blocked,8.73
C875_04f5,875,Debit Premium,2020-11-04,Active,8.54
C876_29a2,876,Debit Standard,2025-06-01,Active,3.41
C877_26ad,877,Debit Standard,2025-02-23,Active,6.77
C878_04cb,878,Debit Standard,2023-08-19,Blocked,11.04
C879_9041,879,Credit Standard,2020-08-16,Active,14.55
C880_028f,880,Debit Premium,2023-08-14,Active,13.5
C881_57a4,881,Debit Premium,2021-03-23,Active,11.95
C882_af71,882,Debit Premium,2023-08-24,Active,6.35
C882_300e,882,Debit Premium,2023-07-24,Active,11.37
C883_4097,883,Credit Standard,2021-10-08,Closed,2.2
C883_2f7c,883,Debit Standard,2021-08-21,Active,6.35
C884_c8a8,884,Credit Standard,2021-06-09,Closed,5.14
C884_8f40,884,Debit Premium,2021-04-22,Blocked,4.98
C885_4162,885,Debit Standard,2024-06-20,Active,13.49
C886_651b,886,Debit Premium,2024-01-19,Active,2.43
C887_2653,887,Debit Standard,2022-09-12,Active,8.54
C888_560e,888,Credit Standard,2024-04-18,Active,3.17
C889_cbee,889,Debit Standard,2023-09-02,Active,0.96
C890_5a11,890,Debit Premium,2021-10-02,Active,1.25
C891_3321,891,Debit Premium,2021-10-30,Active,7.86
C892_9837,892,Debit Standard,2024-02-14,Active,0.71
C893_b409,893,Debit Standard,2022-07-26,Active,12.01
C894_22f0,894,Debit Standard,2020-10-01,Active,13.48
C895_eb0e,895,Debit Standard,2025-04-26,Active,8.86
C896_d751,896,Debit Premium,2020-12-07,Active,12.86
C896_9ff6,896,Credit Standard,2022-03-09,Active,0.42
C897_b5e5,897,Debit Standard,2022-06-10,Active,13.55
C898_7c29,898,Debit Premium,2024-09-08,Active,0.46
C899_673c,899,Debit Premium,2023-12-08,Active,3.86
C900_2ad7,900,Debit Standard,2023-03-20,Active,6.68
C901_7303,901,Debit Standard,2021-11-04,Closed,7.61
C902_3a51,902,Credit Standard,2021-07-23,Active,0.78
C903_e79c,903,Credit Standard,2024-05-19,Active,6.1
C904_7ad8,904,Credit Standard,2023-06-14,Active,8.32
C904_4ff0,904,Debit Premium,2025-04-26,Active,9.08
C905_b219,905,Debit Standard,2021-08-28,Active,5.39
C905_03f9,905,Debit Standard,2022-12-06,Active,7.61
C906_bb9b,906,Debit Standard,2022-06-02,Active,13.04
C907_da1c,907,Debit Standard,2023-10-13,Blocked,9.68
C908_b8f6,908,Credit Standard,2025-05-26,Active,13.46
C909_c557,909,Credit Premium,2021-07-22,Active,2.41
C910_9089,910,Debit Standard,2024-07-29,Active,1.66
C911_d2c4,911,Credit Premium,2024-06-26,Active,9.55
C911_2292,911,Credit Standard,2020-10-01,Active,13.49
C912_a84c,912,Debit Standard,2024-02-03,Active,4.44
C913_247b,913,Debit Standard,2022-12-16,Active,9.73
C914_65ad,914,Credit Standard,2022-07-17,Active,4.98
C914_ced1,914,Debit Premium,2022-03-17,Active,7.85
C915_c330,915,Debit Premium,2024-05-14,Active,12.85
C916_d4e3,916,Credit Standard,2023-12-23,Active,9.73
C917_b0b0,917,Debit Premium,2024-02-09,Active,4.34
C918_29bf,918,Credit Premium,2021-10-09,Active,0.28
C919_2160,919,Debit Standard,2021-11-19,Active,10.91
C920_93b2,920,Debit Standard,2021-11-04,Closed,2.64
C921_ff7b,921,Debit Standard,2022-08-21,Active,5.08
C921_2f8b,921,Debit Standard,2021-01-03,Active,11.84
C922_d5f4,922,Credit Standard,2023-08-24,Blocked,3.66
C923_5597,923,Debit Standard,2025-04-06,Active,3.4
C924_d9c1,924,Credit Premium,2021-05-28,Active,4.62
C925_8eb0,925,Debit Standard,2020-12-20,Active,7.96
C926_6c95,926,Debit Standard,2024-08-09,Active,8.14
C927_ab5e,927,Credit Standard,2025-06-26,Blocked,0.63
C928_6cdd,928,Debit Premium,2024-01-29,Active,2.73
C929_97b4,929,Debit Standard,2022-08-14,Active,4.12
C930_5805,930,Debit Standard,2021-10-07,Active,6.32
C930_62ef,930,Credit Premium,2023-08-06,Active,5.21
C931_cf77,931,Debit Standard,2023-05-04,Active,2.79
C932_eb5e,932,Debit Premium,2023-11-19,Active,11.45
C933_b699,933,Credit Standard,2021-06-08,Active,14.43
C934_316b,934,Debit Standard,2022-04-15,Active,5.6
C935_6706,935,Debit Standard,2021-09-19,Active,2.33
C935_1540,935,Debit Premium,2020-10-07,Active,10.17
C936_e15b,936,Debit Premium,2023-12-29,Active,11.68
C937_1da8,937,Debit Standard,2023-12-28,Active,1.98
C938_1a63,938,Credit Standard,2021-08-28,Active,1.03
C939_a842,939,Debit Premium,2021-12-11,Active,8.8
C940_627a,940,Credit Standard,2024-03-11,Active,0.54
C941_02eb,941,Credit Standard,2024-12-06,Active,13.72
C942_c98b,942,Debit Standard,2022-04-27,Active,12.1
C943_cfe1,943,Debit Premium,2023-07-30,Active,2.54
C944_dd28,944,Credit Standard,2023-04-28,Active,14.02
C945_3bc4,945,Debit Standard,2024-09-24,Active,0.18
C946_0d18,946,Debit Premium,2025-04-22,Active,14.86
C947_43f2,947,Debit Premium,2024-03-01,Active,5.29
C948_0995,948,Debit Premium,2021-05-04,Active,10.07
C949_9f1b,949,Debit Standard,2022-11-24,Active,6.07
C950_3d93,950,Credit Standard,2023-01-25,Active,2.61
C950_18c2,950,Credit Premium,2023-10-27,Active,7.62
C951_531d,951,Debit Standard,2022-05-28,Active,11.71
C952_0a22,952,Credit Standard,2025-05-04,Active,2.46
C952_8c0f,952,Debit Premium,2025-03-08,Active,13.86
C953_3f5c,953,Debit Standard,2022-05-04,Active,4.55
C954_551a,954,Debit Standard,2021-12-22,Active,12.79
C954_72fd,954,Debit Standard,2024-04-28,Active,2.62
C955_79da,955,Debit Premium,2022-09-19,Blocked,4.9
C955_ce0d,955,Credit Standard,2024-05-04,Active,6.46
C956_36c8,956,Debit Standard,2025-05-03,Active,5.82
C957_431c,957,Credit Standard,2023-10-24,Active,6.88
C958_98b8,958,Debit Standard,2025-02-04,Active,2.78
C958_3c02,958,Credit Standard,2023-06-05,Active,0.52
C959_46ca,959,Credit Premium,2020-07-20,Active,11.3
C960_f817,960,Debit Standard,2022-04-16,Active,4.43
C961_944e,961,Debit Standard,2023-03-03,Active,11.38
C962_08f2,962,Credit Standard,2024-02-12,Blocked,2.52
C963_0679,963,Credit Standard,2025-05-10,Active,9.92
C964_ca7b,964,Debit Standard,2020-09-04,Active,0.23
C965_6831,965,Credit Standard,2023-01-18,Active,10.89
C966_06b9,966,Debit Standard,2025-03-20,Active,0.98
C967_4600,967,Debit Premium,2020-11-10,Active,1.53
C968_0ffe,968,Debit Standard,2023-06-17,Active,1.62
C969_c3d0,969,Credit Standard,2021-07-01,Active,9.42
C970_df11,970,Debit Premium,2020-08-10,Blocked,10.91
C970_a161,970,Debit Premium,2021-04-29,Active,0.45
C971_8a68,971,Debit Standard,2020-10-12,Active,9.99
C972_6970,972,Debit Premium,2022-11-13,Active,2.69
C973_1f20,973,Debit Premium,2021-10-24,Active,1.64
C974_7baa,974,Credit Standard,2022-09-13,Active,6.64
C974_85a5,974,Credit Standard,2024-12-30,Active,2.98
C975_df29,975,Credit Premium,2022-06-07,Active,3.62
C976_ef28,976,Debit Premium,2024-05-21,Active,13.45
C977_dfae,977,Credit Standard,2021-06-30,Active,13.23
C978_ac2f,978,Debit Premium,2024-08-31,Active,4.34
C978_cfed,978,Credit Standard,2022-02-14,Active,6.17
C979_fec2,979,Debit Standard,2023-10-24,Active,6.24
C980_bdd8,980,Credit Premium,2025-05-12,Active,2.69
C981_e077,981,Debit Standard,2023-02-05,Active,12.39
C982_aa8c,982,Debit Premium,2024-05-15,Active,13.81
C983_6bbd,983,Credit Premium,2023-04-25,Active,7.79
C984_8870,984,Debit Standard,2022-06-16,Active,10.25
C984_dc5a,984,Debit Standard,2025-01-14,Closed,0.55
C985_ecba,985,Credit Standard,2023-01-27,Active,6.65
C986_6f31,986,Debit Standard,2022-10-22,Active,14.73
C987_5280,987,Debit Standard,2023-03-19,Active,2.71
C988_352a,988,Credit Standard,2021-04-20,Active,5.97
C989_1a00,989,Credit Standard,2022-07-21,Active,7.5
C989_29f1,989,Credit Standard,2023-03-05,Active,2.83
C990_76fe,990,Debit Premium,2022-07-28,Active,1.23
C991_5d53,991,Credit Premium,2023-10-30,Active,2.14
C992_f382,992,Credit Standard,2024-07-17,Active,6.43
C993_fc22,993,Credit Standard,2021-11-27,Active,3.8
C994_862a,994,Debit Premium,2022-10-04,Active,13.45
C995_649e,995,Debit Premium,2022-03-07,Active,1.78
C996_c966,996,Debit Standard,2021-01-01,Active,3.33
C997_e524,997,Credit Standard,2024-02-14,Active,11.48
C998_0a66,998,Credit Standard,2022-10-05,Active,11.14
C999_f3c0,999,Debit Premium,2025-05-11,Active,7.63
C1000_1611,1000,Debit Standard,2020-10-16,Active,4.48
